{"cameraMode":{"drawMode":0,"name":"Shaded","section":"Shading Mode"},"sceneLighting":false,"audioPlay":false,"sceneViewState":{"showFog":true,"showMaterialUpdate":false,"showSkybox":false,"showFlares":true,"showImageEffects":true,"showParticleSystems":true},"in2DMode":false,"pivot":{"x":-1.4353432655334473,"y":-0.8915058374404907,"z":4.541683673858643},"rotation":{"x":-0.11223717033863068,"y":0.3516766130924225,"z":-0.042515724897384647,"w":-0.9283998608589172},"size":2.700017213821411,"orthographic":false}